Player,Age,G,FG%,3P%,FT%,MP,PTS,TRB,AST,All-Star,All-NBA,SuperStar
Andre Drummond,19,60,0.608,0.5,0.371,20.7,7.9,7.6,0.5,1,3,1
Ben Simmons,21,81,0.545,0,0.56,33.7,15.8,8.1,8.2,1,3,1
Jayson Tatum,19,80,0.475,0.434,0.826,30.5,13.9,5,1.6,1,3,1
Jimmy Butler,22,42,0.405,0.182,0.768,8.5,2.6,1.3,0.3,1,3,1
John Wall,20,69,0.409,0.296,0.766,37.8,16.4,4.6,8.3,1,3,1
Karl-Anthony Towns,20,82,0.542,0.341,0.811,32,18.3,10.5,2,1,3,1
Kemba Walker,21,66,0.366,0.305,0.789,27.2,12.1,3.5,4.4,1,3,1
Klay Thompson,21,66,0.443,0.414,0.868,24.4,12.5,2.4,2,1,3,1
Victor Oladipo,21,80,0.419,0.327,0.78,31.1,13.8,4.1,4.1,1,3,1
Blake Griffin,21,82,0.506,0.292,0.642,38,22.5,12.1,3.8,1,2,1
DeMar DeRozan,20,77,0.498,0.25,0.763,21.6,8.6,2.9,0.7,1,2,1
DeMarcus Cousins,20,81,0.43,0.167,0.687,28.5,14.1,8.6,2.5,1,2,1
Draymond Green,22,79,0.327,0.209,0.818,13.4,2.9,3.3,0.7,1,2,1
Joel Embiid,22,31,0.466,0.367,0.783,25.4,20.2,7.8,2.1,1,2,1
Kyrie Irving,19,51,0.469,0.399,0.872,30.5,18.5,3.7,5.4,1,2,1
Pascal Siakam,22,55,0.502,0.143,0.688,15.6,4.2,3.4,0.3,1,2,1
Rudy Gobert,21,45,0.486,-1,0.492,9.6,2.3,3.4,0.2,1,2,1
Anthony Davis,19,64,0.516,0,0.751,28.8,13.5,8.2,1,1,1,1
Damian Lillard,22,82,0.429,0.368,0.844,38.6,19,3.1,6.5,1,1,1
Giannis Antetokounmpo,19,77,0.414,0.347,0.683,24.6,6.8,4.4,1.9,1,1,1
Isaiah Thomas,22,65,0.448,0.379,0.832,25.5,11.5,2.6,4.1,1,1,1
James Harden,20,76,0.403,0.375,0.808,22.9,9.9,3.2,1.8,1,1,1
Kawhi Leonard,20,64,0.493,0.376,0.773,24,7.9,5.1,1.1,1,1,1
Luka Dončić,19,72,0.427,0.327,0.713,32.2,21.2,7.8,6,1,1,1
Nikola Jokić,20,80,0.512,0.333,0.811,21.7,10,7,2.4,1,1,1
Paul George,20,61,0.453,0.297,0.762,20.7,7.8,3.7,1.1,1,1,1
Stephen Curry,21,80,0.462,0.437,0.885,36.2,17.5,4.5,5.9,1,1,1
A.J. Hammons,24,22,0.405,0.5,0.45,7.4,2.2,1.6,0.2,0,0,0
A.J. Price,23,56,0.41,0.345,0.8,15.4,7.3,1.6,1.9,0,0,0
Aaron Gordon,19,47,0.447,0.271,0.721,17,5.2,3.6,0.7,0,0,0
Aaron Harrison,21,21,0.263,0.3,0.417,4.4,0.9,0.7,0.1,0,0,0
Aaron Holiday,22,50,0.401,0.339,0.82,12.9,5.9,1.3,1.7,0,0,0
Aaron Jackson,31,1,0.333,0.25,0.5,35,8,3,1,0,0,0
Abdel Nader,24,48,0.336,0.354,0.59,10.9,3,1.5,0.5,0,0,0
Adonis Thomas,20,6,0.429,0.2,1,6.2,2.3,0.5,0.5,0,0,0
Adreian Payne,23,32,0.414,0.111,0.652,23.1,6.7,5.1,0.9,0,0,0
Al-Farouq Aminu,20,81,0.394,0.315,0.773,17.9,5.6,3.3,0.7,0,0,0
Alan Williams,23,10,0.417,-1,0.643,6.8,2.9,3.8,0.5,0,0,0
Alec Burks,20,59,0.429,0.333,0.727,15.9,7.2,2.2,0.9,0,0,0
Alec Peters,22,20,0.378,0.31,0.8,11.3,4.1,1.9,0.6,0,0,0
Álex Abrines,23,68,0.393,0.381,0.898,15.5,6,1.3,0.6,0,0,0
Alex Caruso,23,37,0.431,0.302,0.7,15.2,3.6,1.8,2,0,0,0
Alex Kirk,23,5,0.25,-1,1,2.8,0.8,0.2,0.2,0,0,0
Alex Len,20,42,0.423,-1,0.645,8.6,2,2.4,0.1,0,0,0
Alex Poythress,23,6,0.463,0.316,0.8,26.2,10.7,4.8,0.8,0,0,0
Alex Stepheson,28,8,0.333,-1,0.333,9.1,2.8,3.5,0.3,0,0,0
Alexey Shved,24,77,0.372,0.295,0.72,23.9,8.6,2.3,3.7,0,0,0
Alfonzo McKinnie,25,14,0.533,0.333,0.667,3.8,1.5,0.5,0.1,0,0,0
Alize Johnson,22,14,0.25,0.5,0.5,4.6,0.9,1.4,0.1,0,0,0
Allen Crabbe,21,15,0.364,0.429,0.75,6.7,2.2,0.6,0.4,0,0,0
Allonzo Trier,23,64,0.448,0.394,0.803,22.8,10.9,3.1,1.9,0,0,0
Alonzo Gee,22,11,0.475,0.778,0.621,16.5,7.4,3,0.6,0,0,0
Amile Jefferson,25,12,0.625,-1,0.875,5.7,2.3,1.8,0.3,0,0,0
Andre Dawkins,23,4,0.167,0.167,-1,5.5,0.8,0.5,0.3,0,0,0
Andre Ingram,32,2,0.471,0.556,1,32,12,3,3.5,0,0,0
Andre Roberson,22,40,0.485,0.154,0.7,10,1.9,2.4,0.4,0,0,0
Andrew Goudelock,23,40,0.391,0.373,0.917,10.5,4.4,0.8,0.5,0,0,0
Andrew Harrison,22,72,0.325,0.276,0.763,20.5,5.9,1.9,2.8,0,0,0
Andrew Nicholson,23,75,0.527,-1,0.798,16.7,7.8,3.4,0.6,0,0,0
Andrew White,24,15,0.342,0.367,0.25,13.9,4.6,2.3,0.4,0,0,0
Andrew Wiggins,19,82,0.437,0.31,0.76,36.2,16.9,4.6,2.1,0,0,0
Andy Rautins,24,5,0.429,0.25,0.5,4.8,1.6,0.2,0.6,0,0,0
Anfernee Simons,19,20,0.444,0.345,0.563,7.1,3.8,0.7,0.7,0,0,0
Ángel Delgado,24,2,0.2,-1,0.5,7.5,1.5,2,0,0,0,0
Ante Žižić,21,32,0.731,-1,0.724,6.7,3.7,1.9,0.2,0,0,0
Anthony Bennett,20,52,0.356,0.245,0.638,12.8,4.2,3,0.3,0,0,0
Anthony Brown,23,29,0.31,0.286,0.85,20.7,4,2.4,0.7,0,0,0
Antonio Anderson,24,1,0.333,-1,-1,15,2,1,0,0,0,0
Antonio Blakeney,21,19,0.371,0.288,0.769,16.5,7.9,1.7,1.1,0,0,0
Antonius Cleveland,23,17,0.381,0.75,0.667,7.2,1.4,0.8,0.1,0,0,0
Archie Goodwin,19,52,0.455,0.139,0.673,10.3,3.7,1.7,0.4,0,0,0
Arinze Onuaku,26,5,0.2,-1,0.5,6,0.6,1.6,0.6,0,0,0
Armon Johnson,21,38,0.455,0.417,0.591,7.3,2.9,0.9,1.2,0,0,0
Arnett Moultrie,22,47,0.582,-1,0.643,11.5,3.7,3.1,0.2,0,0,0
Aron Baynes,26,16,0.5,0,0.583,8.8,2.7,2,0.3,0,0,0
Austin Daye,21,69,0.464,0.305,0.821,13.3,5.1,2.5,0.5,0,0,0
Austin Rivers,20,61,0.372,0.326,0.546,23.2,6.2,1.8,2.1,0,0,0
Avery Bradley,20,31,0.343,0,0.5,5.2,1.7,0.5,0.4,0,0,0
Axel Toupane,23,21,0.357,0.325,0.765,14.5,3.6,1.5,0.7,0,0,0
B.J. Johnson,23,7,0.5,0.429,1,7,3.3,1.1,0,0,0,0
Bam Adebayo,20,69,0.512,0,0.721,19.8,6.9,5.5,1.5,1,0,0
Ben Bentil,21,3,0,0,-1,3.3,0,0.7,0,0,0,0
Ben Hansbrough,25,28,0.333,0.261,0.778,7.1,2,0.6,0.8,0,0,0
Ben McLemore,20,82,0.376,0.32,0.804,26.7,8.8,2.9,1,0,0,0
Ben Moore,22,2,-1,-1,-1,4.5,0,0.5,0.5,0,0,0
Ben Uzoh,22,42,0.424,0.375,0.589,10.4,3.8,1.5,1.6,0,0,0
Bernard James,27,46,0.515,0,0.61,9.9,2.8,2.8,0.1,0,0,0
Billy Garrett,24,4,0.407,0,1,15.8,6.5,0.8,1.8,0,0,0
Bismack Biyombo,19,63,0.464,-1,0.483,23.1,5.2,5.8,0.4,0,0,0
Boban Marjanović,27,54,0.603,-1,0.763,9.4,5.5,3.6,0.4,0,0,0
Bobby Portis,20,62,0.427,0.308,0.727,17.8,7,5.4,0.8,0,0,0
Bogdan Bogdanović,25,78,0.446,0.392,0.84,27.9,11.8,2.9,3.3,0,0,0
Bojan Bogdanović,25,78,0.453,0.355,0.821,23.8,9,2.7,0.9,0,0,0
Bonzie Colson,23,8,0.333,0.238,0.889,12.3,4.9,3.8,0.4,0,0,0
Brad Wanamaker,29,36,0.476,0.41,0.857,9.5,3.9,1.1,1.6,0,0,0
Bradley Beal,19,56,0.41,0.386,0.786,31.2,13.9,3.8,2.4,1,0,0
Branden Dawson,22,6,0.4,-1,1,4.8,0.8,0.7,0,0,0,0
Brandon Davies,22,51,0.422,0.2,0.642,11.3,2.8,2.1,0.5,0,0,0
Brandon Goodwin,23,16,0.261,0.333,0.818,3.6,1.4,0.2,0.9,0,0,0
Brandon Ingram,19,79,0.402,0.294,0.621,28.8,9.4,4,2.1,1,0,0
Brandon Jennings,20,82,0.371,0.374,0.817,32.6,15.5,3.4,5.7,0,0,0
Brandon Knight,20,66,0.415,0.38,0.759,32.3,12.8,3.2,3.8,0,0,0
Brandon Paul,26,64,0.433,0.278,0.512,9,2.3,1.1,0.6,0,0,0
Brandon Sampson,21,14,0.467,0.379,0.667,15.3,5.1,1.1,0.7,0,0,0
Brian Roberts,27,78,0.417,0.386,0.909,17,7.1,1.2,2.8,0,0,0
Briante Weber,23,7,0.359,0,0.75,24.1,4.4,3.6,3,0,0,0
Brice Johnson,22,3,0.286,-1,-1,3,1.3,1,0.3,0,0,0
Bruce Brown,22,74,0.398,0.258,0.75,19.6,4.3,2.5,1.2,0,0,0
Bruno Caboclo,19,8,0.333,0.667,-1,2.9,1.3,0.3,0,0,0,0
Bryce Cotton,22,15,0.42,0.35,0.833,10.6,5.3,1.2,1,0,0,0
Bryce Dejean-Jones,23,14,0.406,0.375,0.524,19.9,5.6,3.4,1.1,0,0,0
Bryn Forbes,23,36,0.364,0.321,0.833,7.9,2.6,0.6,0.6,0,0,0
Buddy Hield,24,82,0.426,0.391,0.842,23,10.6,3.3,1.5,0,0,0
Byron Mullens,20,13,0.368,-1,-1,4.2,1.1,0.8,0.1,0,0,0
C.J. Wilcox,24,21,0.421,0.368,1,4.8,2,0.3,0.4,0,0,0
C.J. Williams,27,38,0.442,0.282,0.813,18.6,5.5,1.5,1.1,0,0,0
Caleb Swanigan,20,27,0.4,0.125,0.667,7,2.3,2,0.5,0,0,0
Cameron Bairstow,24,18,0.214,-1,0.8,3.6,0.6,0.4,0.1,0,0,0
Cameron Payne,21,57,0.41,0.324,0.792,12.2,5,1.5,1.9,0,0,0
Cameron Reynolds,23,19,0.423,0.412,0.889,13.6,5,1.6,0.7,0,0,0
Caris LeVert,22,57,0.45,0.321,0.72,21.7,8.2,3.3,1.9,0,0,0
Carldell Johnson,29,15,0.314,0.267,0.333,7.9,1.8,0.6,1.5,0,0,0
Carrick Felix,23,7,0.5,0.4,0.75,5.4,2.7,0.9,0.6,0,0,0
Casper Ware,24,9,0.429,0.333,0.833,12.9,5.3,1,1.1,0,0,0
Cedi Osman,22,61,0.484,0.368,0.565,11,3.9,2,0.7,0,0,0
Cedric Jackson,23,12,0.3,0.167,0.583,6.2,1.7,0.7,1.2,0,0,0
Chandler Hutchison,22,44,0.459,0.28,0.605,20.3,5.2,4.2,0.8,0,0,0
Chandler Parsons,23,63,0.452,0.337,0.551,28.6,9.5,4.8,2.1,0,0,0
Charles Cooke,23,13,0.143,0.125,0.5,2.9,0.5,0.2,0.1,0,0,0
Charles Jenkins,22,51,0.447,0.15,0.872,17.5,5.8,1.3,3.3,0,0,0
Chase Budinger,21,74,0.441,0.369,0.77,20.1,8.9,3,1.2,0,0,0
Chasson Randle,23,26,0.408,0.34,0.953,11.5,5.3,1.2,1.3,0,0,0
Cheick Diallo,20,17,0.474,-1,0.714,11.7,5.1,4.3,0.2,0,0,0
Chimezie Metu,21,29,0.328,0,0.765,5,1.8,1.2,0.4,0,0,0
Chinanu Onuaku,20,5,0.714,-1,1,10.4,2.8,2,0.6,0,0,0
Chris Babb,23,14,0.267,0.222,-1,9.4,1.6,1.2,0.2,0,0,0
Chris Boucher,25,1,0,0,-1,1,0,1,0,0,0,0
Chris Chiozza,23,7,0.25,0.4,-1,4.7,0.9,0.6,0.6,0,0,0
Chris Copeland,28,56,0.479,0.421,0.759,15.4,8.7,2.1,0.5,0,0,0
Chris Hunter,25,60,0.502,0,0.754,13.1,4.5,2.8,0.6,0,0,0
Chris Johnson,22,8,0.44,0.333,0.5,12.8,3.6,1.4,0.3,0,0,0
Chris Johnson,25,14,0.429,-1,0.75,9.9,2.4,2.3,0.2,0,0,0
Chris McCullough,20,24,0.404,0.382,0.478,15.1,4.7,2.8,0.4,0,0,0
Chris Singleton,22,66,0.372,0.346,0.682,21.7,4.6,3.5,0.7,0,0,0
Chris Smith,26,2,-1,-1,-1,1,0,0,0,0,0,0
Chris Wright,23,3,0.5,-1,-1,1.3,0.7,0,0,0,0,0
Chris Wright,23,24,0.511,-1,0.774,7.8,2.9,1.9,0.2,0,0,0
Christian Eyenga,21,44,0.425,0.275,0.643,21.5,6.9,2.8,0.8,0,0,0
Christian Wood,20,17,0.415,0.364,0.619,8.5,3.6,2.2,0.2,0,0,0
CJ McCollum,22,38,0.416,0.375,0.676,12.5,5.3,1.3,0.7,0,0,0
Cleanthony Early,23,39,0.355,0.262,0.75,16.6,5.4,2.5,0.9,0,0,0
Cliff Alexander,20,8,0.5,-1,-1,4.5,1.3,0.8,0,0,0,0
Clint Capela,20,12,0.483,-1,0.174,7.5,2.7,3,0.2,0,0,0
Cody Zeller,21,82,0.426,0,0.73,17.3,6,4.3,1.1,0,0,0
Cole Aldrich,22,18,0.533,-1,0.5,7.9,1,1.9,0.2,0,0,0
Collin Sexton,20,82,0.43,0.402,0.839,31.8,16.7,2.9,3,0,0,0
Cory Higgins,22,38,0.325,0.2,0.7,11.1,3.9,0.9,0.9,0,0,0
Cory Jefferson,24,50,0.449,0.133,0.574,10.6,3.7,2.9,0.3,0,0,0
Cory Joseph,20,29,0.314,0.2,0.647,9.2,2,0.9,1.2,0,0,0
Coty Clarke,23,3,0.5,1,-1,2,2,0.3,0,0,0,0
Courtney Fortson,23,10,0.344,0.231,0.667,9.5,3.5,1.5,1,0,0,0
Craig Brackins,23,3,0.25,0,-1,11,2.7,1.3,0.3,0,0,0
Cristiano Felício,23,31,0.556,0,0.714,10.4,3.4,3.3,0.8,0,0,0
D.J. Kennedy,22,2,0.417,0.5,0,29.5,6,3.5,1.5,0,0,0
D.J. Stephens,23,3,0.429,-1,1,5,2.3,1.7,0,0,0,0
D.J. Wilson,21,22,0.563,0.4,0.5,3.2,1,0.5,0.1,0,0,0
D'Angelo Russell,19,80,0.41,0.351,0.737,28.2,13.2,3.4,3.3,1,0,0
Dairis Bertāns,29,12,0.255,0.294,-1,13.9,2.8,0.8,0.8,0,0,0
DaJuan Summers,22,44,0.354,0.357,0.711,9.2,3,1,0.4,0,0,0
Dakari Johnson,22,31,0.564,-1,0.55,5.2,1.8,1.1,0.3,0,0,0
Damian Jones,21,10,0.5,-1,0.3,8.5,1.9,2.3,0,0,0,0
Damien Inglis,20,20,0.351,0.231,0.875,7.8,1.8,1.6,0.5,0,0,0
Damion James,23,25,0.447,0,0.643,16.1,4.4,3.4,0.8,0,0,0
Damion Lee,25,15,0.408,0.25,0.759,26.9,10.7,4.7,1.9,0,0,0
Damjan Rudež,28,68,0.452,0.406,0.696,15.4,4.8,0.7,0.8,0,0,0
Damyean Dotson,23,44,0.447,0.324,0.696,10.8,4.1,1.9,0.7,0,0,0
Daniel Hamilton,22,6,0.455,0.4,-1,4.7,2,0.8,1.3,0,0,0
Daniel Ochefu,23,19,0.444,-1,0,3.9,1.3,1.2,0.2,0,0,0
Daniel Orton,21,16,0.567,0,0.44,11.7,2.8,2.4,0.3,0,0,0
Daniel Theis,25,63,0.541,0.31,0.753,14.9,5.3,4.3,0.9,0,0,0
Danny Green,22,20,0.385,0.273,0.667,5.8,2,0.9,0.3,0,0,0
Dante Cunningham,22,63,0.495,0,0.646,11.2,3.9,2.5,0.2,0,0,0
Dante Exum,19,82,0.349,0.314,0.625,22.2,4.8,1.6,2.4,0,0,0
Danuel House,23,1,-1,-1,-1,1,0,1,0,0,0,0
Darington Hobson,24,5,0.154,0,-1,7.8,0.8,0.6,1.2,0,0,0
Dario Šarić,22,81,0.411,0.311,0.782,26.3,12.8,6.3,2.2,0,0,0
Darius Johnson-Odom,23,4,0,0,-1,1.5,0,1,0.3,0,0,0
Darius Miller,22,52,0.407,0.393,1,13.3,2.3,1.5,0.8,0,0,0
Darius Morris,21,19,0.429,0.444,0.667,8.9,2.4,0.8,1.1,0,0,0
Darren Collison,22,76,0.477,0.4,0.851,27.8,12.4,2.5,5.7,0,0,0
Darrun Hilliard,22,38,0.397,0.38,0.725,10.1,4,1.2,0.7,0,0,0
Daryl Macon,23,8,0.37,0.455,0.571,11.3,3.6,1.5,0.9,0,0,0
David Andersen,29,63,0.432,0.346,0.687,14.1,5.8,3.3,0.7,0,0,0
David Nwaba,24,20,0.58,0.2,0.641,19.9,6,3.2,0.7,0,0,0
David Stockton,23,3,0.333,0.5,0.5,11,2.7,0.7,3,0,0,0
David Wear,24,2,0,0,-1,3.5,0,1,0.5,0,0,0
Dāvis Bertāns,24,67,0.44,0.399,0.824,12.1,4.5,1.5,0.7,0,0,0
Davon Reed,22,21,0.289,0.289,0.667,11.5,3,1.9,0.6,0,0,0
De'Aaron Fox,20,73,0.412,0.307,0.723,27.8,11.6,2.8,4.4,0,0,0
De'Anthony Melton,20,50,0.391,0.305,0.75,19.7,5,2.7,3.2,0,0,0
Deandre Ayton,20,71,0.585,0,0.746,30.7,16.3,10.3,1.8,0,0,0
DeAndre Liggins,23,17,0.48,0,0.474,6.8,1.9,0.9,0.3,0,0,0
DeAndre' Bembry,22,38,0.48,0.056,0.375,9.8,2.7,1.6,0.7,0,0,0
Dejounte Murray,20,38,0.431,0.391,0.7,8.5,3.4,1.1,1.3,0,0,0
DeJuan Blair,20,82,0.556,0,0.547,18.2,7.8,6.4,0.8,0,0,0
Delon Wright,23,27,0.45,0.385,0.743,8.5,3.8,1.4,1.1,0,0,0
DeMarre Carroll,23,71,0.396,0,0.623,11.2,2.9,2.1,0.5,0,0,0
Demetrius Jackson,22,5,0.75,1,0.5,3.4,2,0.8,0.6,0,0,0
Deng Adel,21,19,0.306,0.261,1,10.2,1.7,1,0.3,0,0,0
Dennis Horner,23,8,0.25,0,0.75,2.8,0.6,0.6,0,0,0,0
Dennis Schröder,20,49,0.383,0.238,0.674,13.1,3.7,1.2,1.9,0,0,0
Dennis Smith,20,69,0.395,0.313,0.694,29.7,15.2,3.8,5.2,0,0,0
Denzel Valentine,23,57,0.354,0.351,0.778,17.1,5.1,2.6,1.1,0,0,0
Deonte Burton,25,32,0.402,0.296,0.667,7.5,2.6,0.9,0.3,0,0,0
DeQuan Jones,22,63,0.436,0.257,0.667,12.7,3.7,1.7,0.3,0,0,0
Derrick Brown,22,57,0.463,0.286,0.667,9.4,3.3,1.4,0.3,0,0,0
Derrick Byars,27,2,0.273,0,1,18.5,5,5.5,0.5,0,0,0
Derrick Caracter,22,41,0.485,-1,0.739,5.2,2,1,0.2,0,0,0
Derrick Favors,19,78,0.517,-1,0.595,19.7,6.8,5.3,0.5,0,0,0
Derrick Jones,19,32,0.562,0.273,0.707,17,5.3,2.5,0.4,0,0,0
Derrick Walton,22,16,0.32,0.412,1,9.2,1.8,1,1,0,0,0
Derrick White,23,17,0.485,0.615,0.7,8.2,3.2,1.5,0.5,0,0,0
Derrick Williams,20,66,0.412,0.268,0.697,21.5,8.8,4.7,0.6,0,0,0
DeVaughn Akoon-Purcell,25,7,0.3,0,0.5,3.1,1,0.6,0.9,0,0,0
Devin Booker,19,76,0.423,0.343,0.84,27.7,13.8,2.5,2.6,1,0,0
Devin Ebanks,21,20,0.412,0.4,0.783,5.9,3.1,1.4,0.1,0,0,0
Devin Robinson,22,1,0.333,-1,-1,13,2,5,0,0,0,0
Devonte' Graham,23,46,0.343,0.281,0.761,14.7,4.7,1.4,2.6,0,0,0
Devyn Marble,22,16,0.318,0.182,0.313,13,2.3,1.9,1.1,0,0,0
Dewayne Dedmon,24,31,0.458,-1,0.656,12.6,3.1,4.1,0.2,0,0,0
Dexter Pittman,22,2,0.333,-1,-1,5.5,1,1.5,0,0,0,0
Deyonta Davis,20,36,0.511,-1,0.556,6.6,1.6,1.7,0.1,0,0,0
Diamond Stone,19,7,0.231,-1,1,3.4,1.4,0.9,0,0,0,0
Diante Garrett,24,19,0.327,0.2,0.5,7.8,2.1,0.8,1.6,0,0,0
Dillon Brooks,22,82,0.44,0.356,0.747,28.7,11,3.1,1.6,0,0,0
Dion Waiters,21,61,0.412,0.31,0.746,28.8,14.7,2.4,3,0,0,0
Dionte Christmas,27,31,0.355,0.29,0.75,6.4,2.3,1.2,0.3,0,0,0
Domantas Sabonis,20,81,0.399,0.321,0.657,20.1,5.9,3.6,1,1,0,0
Dominique Jones,22,18,0.311,0,0.824,7.5,2.3,1.4,1.1,0,0,0
Donald Sloan,24,33,0.399,0.08,0.767,20.3,5.5,2,3.2,0,0,0
Donatas Motiejūnas,22,44,0.455,0.289,0.627,12.2,5.7,2.1,0.7,0,0,0
Donovan Mitchell,21,79,0.437,0.34,0.805,33.4,20.5,3.7,3.7,1,0,0
Donte DiVincenzo,22,27,0.403,0.265,0.75,15.2,4.9,2.4,1.1,0,0,0
Donte Grantham,23,3,0,0,-1,0.7,0,0,0,0,0,0
Dorian Finney-Smith,23,81,0.372,0.293,0.754,20.3,4.3,2.7,0.8,0,0,0
Doron Lamb,21,47,0.368,0.378,0.588,12.3,3.3,1,0.7,0,0,0
Doug McDermott,23,36,0.402,0.317,0.667,8.9,3,1.2,0.2,0,0,0
Dragan Bender,19,43,0.354,0.277,0.364,13.3,3.4,2.4,0.5,0,0,0
Drew Eubanks,21,23,0.577,-1,0.846,4.9,1.8,1.5,0.3,0,0,0
Drew Gordon,24,9,0.421,0,0.5,7.9,1.9,2,0.2,0,0,0
Duje Dukan,24,1,0.2,0.4,-1,24,6,4,1,0,0,0
Duncan Robinson,24,15,0.391,0.286,0.667,10.7,3.3,1.3,0.3,0,0,0
Dusty Hannahs,25,2,0.25,0,1,13,4,0.5,2.5,0,0,0
Dwayne Bacon,22,53,0.375,0.256,0.8,13.5,3.3,2.3,0.7,0,0,0
Dwight Buycks,24,14,0.313,0.294,0.889,10.4,3.1,1.6,0.7,0,0,0
Dwight Powell,23,29,0.463,0.273,0.758,8.1,3.1,1.7,0.3,0,0,0
Džanan Musa,19,9,0.409,0.1,0,4.3,2.1,0.6,0.2,0,0,0
E'Twaun Moore,22,38,0.381,0.378,1,8.7,2.9,0.9,0.9,0,0,0
Earl Clark,22,51,0.371,0.4,0.722,7.5,2.7,1.2,0.4,0,0,0
Ed Davis,21,65,0.576,-1,0.555,24.6,7.7,7.1,0.6,0,0,0
Edmond Sumner,22,1,1,-1,-1,2,2,1,0,0,0,0
Edwin Ubiles,25,4,0.278,0.2,1,13,3.5,2.5,0.3,0,0,0
Edy Tavares,23,11,0.579,-1,0.375,6.6,2.3,1.9,0.3,0,0,0
Ekpe Udoh,23,58,0.437,-1,0.656,17.8,4.1,3.1,0.7,0,0,0
Elfrid Payton,20,82,0.425,0.262,0.551,30.4,8.9,4.3,6.5,0,0,0
Elias Harris,24,2,0,-1,-1,5.5,0,0.5,0.5,0,0,0
Elie Okobo,21,53,0.393,0.295,0.787,18.1,5.7,1.8,2.4,0,0,0
Elijah Millsap,27,47,0.34,0.311,0.674,19.7,5.3,3.2,1.2,0,0,0
Elliot Williams,22,24,0.5,0.296,0.333,6.2,3.7,0.8,0.3,0,0,0
Emanuel Terry,22,3,0.571,-1,0.5,7.7,3.3,2.3,0.7,0,0,0
Emmanuel Mudiay,19,68,0.364,0.319,0.67,30.4,12.8,3.4,5.5,0,0,0
Enes Kanter,19,66,0.496,0,0.667,13.2,4.6,4.2,0.1,0,0,0
Eric Bledsoe,21,81,0.424,0.276,0.744,22.7,6.7,2.8,3.6,0,0,0
Eric Dawson,27,4,0.583,-1,0.5,9.8,3.8,2.5,0,0,0,0
Eric Maynor,22,81,0.418,0.31,0.722,15.7,4.7,1.6,3.3,0,0,0
Eric Moreland,23,3,1,-1,-1,0.7,0.7,0.3,0,0,0,0
Erick Green,23,43,0.377,0.298,0.833,9.5,3.4,0.7,0.9,0,0,0
Erik McCree,24,4,0,0,-1,2,0,0.3,0,0,0,0
Erik Murphy,23,24,0.231,0,-1,2.6,0.3,0.3,0.1,0,0,0
Eugene Jeter,27,62,0.409,0.2,0.902,13.8,4.1,1.1,2.6,0,0,0
Evan Fournier,20,38,0.493,0.407,0.769,11.3,5.3,0.9,1.2,0,0,0
Evan Turner,22,78,0.425,0.318,0.808,23,7.2,3.9,2,0,0,0
Fab Melo,22,6,0.5,-1,0.25,6,1.2,0.5,0,0,0,0
Festus Ezeli,23,78,0.438,-1,0.531,14.4,2.4,4,0.3,0,0,0
Frank Jackson,20,61,0.434,0.314,0.74,19.2,8.1,2.2,1.1,0,0,0
Frank Kaminsky,22,81,0.41,0.337,0.73,21.1,7.5,4.1,1.2,0,0,0
Frank Mason,23,52,0.379,0.36,0.817,18.9,7.9,2.5,2.8,0,0,0
Frank Ntilikina,19,78,0.364,0.318,0.721,21.9,5.9,2.3,3.2,0,0,0
Fred VanVleet,22,37,0.351,0.379,0.818,7.9,2.9,1.1,0.9,0,0,0
Furkan Aldemir,23,41,0.513,0,0.481,13.2,2.3,4.3,0.7,0,0,0
Furkan Korkmaz,20,14,0.286,0.294,0.5,5.7,1.6,0.8,0.3,0,0,0
Gal Mekel,25,31,0.349,0.25,0.667,9.4,2.4,0.9,2,0,0,0
Gani Lawal,22,1,-1,-1,-1,2,0,0,0,0,0,0
Garret Siler,24,21,0.548,-1,0.5,4.8,2.1,1.3,0.1,0,0,0
Garrett Temple,23,27,0.436,0.351,0.7,12.4,5,1.1,0.8,0,0,0
Gary Clark,24,51,0.331,0.297,1,12.6,2.9,2.3,0.4,0,0,0
Gary Forbes,25,63,0.454,0.328,0.678,12.6,5.2,1.8,0.8,0,0,0
Gary Harris,20,55,0.304,0.204,0.745,13.1,3.4,1.2,0.5,0,0,0
Gary Neal,26,80,0.451,0.419,0.808,21.1,9.8,2.5,1.2,0,0,0
Gary Payton,24,6,0.364,0.111,0.6,16.5,3.3,2,2.2,0,0,0
Gary Trent,20,15,0.32,0.238,0.429,7.4,2.7,0.7,0.3,0,0,0
George King,25,1,-1,-1,-1,6,0,1,0,0,0,0
Georges Niang,23,23,0.25,0.083,1,4,0.9,0.7,0.2,0,0,0
Georgios Papagiannis,19,22,0.549,0,0.857,16.1,5.6,3.9,0.9,0,0,0
Gerald Henderson,22,43,0.356,0.211,0.745,8.3,2.6,1.3,0.3,0,0,0
Gian Clavell,24,7,0.333,0.4,1,9.1,2.9,1,0.4,0,0,0
Glen Rice,23,11,0.297,0.294,0.714,9.9,2.9,1.8,0.6,0,0,0
Glenn Robinson,21,35,0.388,0.263,0.667,7.5,2.1,1.1,0.3,0,0,0
Gordon Hayward,20,72,0.485,0.473,0.711,16.9,5.4,1.9,1.1,1,0,0
Gorgui Dieng,24,60,0.498,1,0.634,13.6,4.8,5,0.7,0,0,0
Grant Jerrett,21,8,0.269,0.067,1,6.4,2,1.1,0.4,0,0,0
Grayson Allen,23,38,0.376,0.323,0.75,10.9,5.6,0.6,0.7,0,0,0
Greg Monroe,20,80,0.551,0,0.622,27.8,9.4,7.5,1.3,0,0,0
Greg Smith,21,8,0.636,-1,-1,8.6,1.8,2.5,0.1,0,0,0
Greg Stiemsma,26,55,0.545,-1,0.707,13.9,2.9,3.2,0.5,0,0,0
Greivis Vásquez,24,70,0.408,0.291,0.773,12.3,3.6,1,2.2,0,0,0
Guerschon Yabusele,22,33,0.426,0.324,0.682,7.1,2.4,1.6,0.5,0,0,0
Gustavo Ayón,26,54,0.536,0,0.619,20.1,5.9,4.9,1.4,0,0,0
Hamady N'Diaye,24,16,0.8,-1,0.5,5,0.9,0.4,0,0,0,0
Hamidou Diallo,20,51,0.455,0.167,0.61,10.3,3.7,1.9,0.3,0,0,0
Harrison Barnes,20,81,0.439,0.359,0.758,25.4,9.2,4.1,1.2,0,0,0
Harry Giles,20,58,0.503,0,0.637,14.1,7,3.8,1.5,0,0,0
Hasheem Thabeet,22,68,0.588,-1,0.581,13,3.1,3.6,0.2,0,0,0
Hassan Whiteside,21,1,-1,-1,-1,2,0,0,0,0,0,0
Haywood Highsmith,22,5,0.4,0.2,0,8,1.8,1,0.4,0,0,0
Henry Ellenson,20,19,0.359,0.286,0.5,7.7,3.2,2.2,0.4,0,0,0
Henry Sims,22,2,0.667,-1,-1,2.5,2,1,0,0,0,0
Hollis Thompson,22,77,0.46,0.401,0.712,22.6,6,3.2,0.9,0,0,0
Ian Clark,22,23,0.388,0.355,0.714,7.5,3,0.8,0.7,0,0,0
Ike Anigbogu,19,11,0.444,-1,0.833,2.7,1.2,0.8,0,0,0,0
Iman Shumpert,21,59,0.401,0.306,0.798,28.9,9.5,3.2,2.8,0,0,0
Isaac Bonga,19,22,0.152,0,0.6,5.5,0.9,1.1,0.7,0,0,0
Isaac Humphries,21,5,0.286,0.273,-1,11.2,3,2.2,0,0,0,0
Isaiah Briscoe,22,39,0.399,0.324,0.577,14.3,3.5,1.9,2.2,0,0,0
Isaiah Canaan,22,22,0.356,0.327,0.724,11.5,4.6,1.1,1,0,0,0
Isaiah Hartenstein,20,28,0.488,0.333,0.786,7.9,1.9,1.7,0.5,0,0,0
Isaiah Hicks,23,18,0.458,0.222,0.667,13.3,4.4,2.3,0.9,0,0,0
Isaiah Taylor,22,4,0.143,0,0.5,13,0.8,0.8,0.8,0,0,0
Isaiah Whitehead,21,73,0.402,0.295,0.805,22.5,7.4,2.5,2.6,0,0,0
Ish Smith,22,43,0.374,0.3,0.571,10.3,2.3,1.1,1.8,0,0,0
Ivan Johnson,27,56,0.513,0.333,0.72,16.7,6.4,4,0.6,0,0,0
Ivan Rabb,20,36,0.566,-1,0.806,14.3,5.6,4.4,0.9,0,0,0
Ivica Zubac,19,38,0.529,0,0.653,16,7.5,4.2,0.8,0,0,0
J.J. O'Brien,23,2,0,-1,-1,3,0,0.5,0,0,0,0
J.P. Macura,23,2,0.333,0,-1,8.5,3,1.5,1,0,0,0
Jabari Bird,23,13,0.577,0.429,0.462,8.8,3,1.5,0.6,0,0,0
Jabari Brown,22,19,0.412,0.371,0.753,29.9,11.9,1.9,2.1,0,0,0
Jabari Parker,19,25,0.49,0.25,0.697,29.5,12.3,5.5,1.7,0,0,0
Jack Cooley,23,16,0.409,-1,0.429,5.4,1.7,1.6,0.1,0,0,0
Jacob Evans,21,30,0.34,0.267,0,6.8,1.3,0.8,0.8,0,0,0
Jacob Pullen,28,3,0.5,0,-1,2,0.7,0,0,0,0,0
Jacob Wiley,23,5,0.25,0.5,0.5,6.6,0.8,2.2,0.4,0,0,0
Jae Crowder,22,78,0.384,0.328,0.644,17.3,5,2.4,1.2,0,0,0
Jahlil Okafor,20,53,0.508,0.167,0.686,30,17.5,7,1.2,0,0,0
JaJuan Johnson,22,36,0.446,-1,0.667,8.3,3.2,1.6,0.2,0,0,0
JaKarr Sampson,21,74,0.422,0.244,0.67,15.3,5.2,2.2,1,0,0,0
Jake Layman,22,35,0.292,0.255,0.765,7.1,2.2,0.7,0.3,0,0,0
Jakob Poeltl,21,54,0.583,-1,0.544,11.6,3.1,3.1,0.2,0,0,0
Jalen Brunson,22,73,0.467,0.348,0.725,21.8,9.3,2.3,3.2,0,0,0
Jalen Jones,24,16,0.382,0.385,0.632,11.3,4.6,2.4,0.3,0,0,0
Jamaal Franklin,22,21,0.41,0.455,1,7.7,1.9,1.1,0.3,0,0,0
Jamal Murray,19,82,0.404,0.334,0.883,21.5,9.9,2.6,2.1,0,0,0
Jameel Warney,24,3,0.583,-1,0.6,9,5.7,3,0,0,0,0
Jamel Artis,25,15,0.392,0.276,0.583,18.6,5.1,2.5,1.2,0,0,0
James Anderson,21,26,0.383,0.391,0.778,11,3.6,0.9,0.7,0,0,0
James Ennis,24,62,0.409,0.326,0.84,17,5,2.8,0.8,0,0,0
James Johnson,22,65,0.452,0.326,0.729,11.6,3.9,2,0.7,0,0,0
James Michael McAdoo,22,15,0.545,-1,0.56,9.1,4.1,2.5,0.1,0,0,0
James Nunnally,23,13,0.326,0.32,0.667,12.7,3.4,1.5,0.6,0,0,0
James Southerland,23,4,0.333,0.5,0.5,7.5,3.5,2,0,0,0,0
James Webb,24,10,0.25,0.211,-1,12,1.6,2.4,0.4,0,0,0
James Young,19,31,0.353,0.258,0.552,10.7,3.4,1.4,0.4,0,0,0
JamesOn Curry,24,1,-1,-1,-1,0,0,0,0,0,0,0
Jamil Wilson,27,15,0.469,0.429,0.5,18.3,7,2.1,0.7,0,0,0
JaMychal Green,24,24,0.574,0,0.8,6.8,2.6,1.9,0.2,0,0,0
Jan Veselý,21,57,0.537,0,0.532,18.9,4.7,4.4,0.8,0,0,0
Jared Cunningham,21,8,0.429,0.667,1,3.3,2,0.4,0.1,0,0,0
Jared Sullinger,20,45,0.493,0.2,0.746,19.8,6,5.9,0.8,0,0,0
Jared Terrell,23,14,0.308,0.235,0.5,7.9,2.2,0.4,0.9,0,0,0
Jarell Eddie,24,26,0.308,0.319,1,5.7,2.4,0.9,0.2,0,0,0
Jarell Martin,21,27,0.466,0,0.726,14.1,5.7,3.2,0.6,0,0,0
Jaren Jackson,19,58,0.506,0.359,0.766,26.1,13.8,4.7,1.1,0,0,0
Jarnell Stokes,21,19,0.568,-1,0.536,6.6,3,1.8,0.2,0,0,0
Jaron Blossomgame,25,27,0.443,0.256,0.769,16.3,4.2,3.6,0.5,0,0,0
Jarred Vanderbilt,19,17,0.474,0,0.6,4.1,1.4,1.4,0.2,0,0,0
Jarrett Allen,19,72,0.589,0.333,0.776,20,8.2,5.4,0.7,0,0,0
Jarrod Uthoff,23,9,0.421,0.333,0.714,12.8,4.4,2.4,1,0,0,0
Jarvis Varnado,24,13,0.429,-1,0.5,4.5,0.6,0.7,0.2,0,0,0
Jawun Evans,21,48,0.352,0.278,0.776,16.2,4.8,1.8,2.1,0,0,0
Jaylen Adams,22,34,0.345,0.338,0.778,12.6,3.2,1.8,1.9,0,0,0
Jaylen Brown,20,78,0.454,0.341,0.685,17.2,6.6,2.8,0.8,0,0,0
Jaylen Morris,22,6,0.406,0.2,-1,16.3,4.7,2.7,1.2,0,0,0
Jeff Adrien,24,23,0.426,-1,0.579,8.5,2.5,2.5,0.4,0,0,0
Jeff Ayres,22,39,0.662,-1,0.9,10.4,2.7,2.5,0,0,0,0
Jeff Foote,24,4,0.333,-1,-1,9.8,1,1.5,0,0,0,0
Jeff Teague,21,71,0.396,0.219,0.837,10.1,3.2,0.9,1.7,1,0,0
Jeff Withey,23,58,0.535,0,0.712,11.8,3.3,2.6,0.4,0,0,0
Jeffery Taylor,23,77,0.431,0.344,0.728,19.6,6.1,1.9,0.8,0,0,0
Jemerrio Jones,23,6,0.364,0.2,0.5,23.8,4.5,8.2,2.2,0,0,0
Jerami Grant,20,65,0.352,0.314,0.591,21.2,6.3,3,1.2,0,0,0
Jerel McNeal,27,6,0.273,0.5,1,6,1.5,0.5,0.3,0,0,0
Jeremy Evans,23,49,0.661,0,0.703,9.4,3.6,2,0.5,0,0,0
Jeremy Lamb,20,23,0.353,0.3,1,6.4,3.1,0.8,0.2,0,0,0
Jeremy Lin,22,29,0.389,0.2,0.76,9.8,2.6,1.2,1.4,0,0,0
Jeremy Pargo,25,44,0.333,0.263,0.593,9.6,2.9,0.8,1.3,0,0,0
Jeremy Tyler,20,42,0.421,0,0.558,13.5,4.9,3.3,0.4,0,0,0
Jerian Grant,23,76,0.394,0.22,0.78,16.6,5.6,1.9,2.3,0,0,0
Jermaine Taylor,23,31,0.378,0.227,0.717,9.8,4.1,1.5,0.5,0,0,0
Jerome Dyson,24,9,0.396,0.125,0.778,20,7.4,2.1,2,0,0,0
Jerome Jordan,25,21,0.515,-1,0.8,5.1,2,1.3,0.2,0,0,0
Jerome Robinson,21,33,0.4,0.316,0.667,9.7,3.4,1.2,0.6,0,0,0
Jerrelle Benimon,23,2,-1,-1,-1,1.5,0,1.5,0,0,0,0
Jerry Smith,24,5,0.214,0.167,-1,9.2,1.4,1.4,0.8,0,0,0
Jevon Carter,23,39,0.303,0.333,0.813,14.8,4.4,1.7,1.8,0,0,0
Jimmer Fredette,22,61,0.386,0.361,0.833,18.6,7.6,1.2,1.8,0,0,0
Jodie Meeks,22,60,0.388,0.318,0.795,12,4.7,1.7,0.7,0,0,0
Joe Chealey,23,1,0.333,-1,-1,8,2,0,1,0,0,0
Joe Harris,23,51,0.4,0.369,0.6,9.7,2.7,0.8,0.5,0,0,0
Joe Ingles,27,79,0.415,0.356,0.75,21.2,5,2.2,2.3,0,0,0
Joe Young,23,41,0.367,0.217,0.8,9.4,3.8,1.2,1.6,0,0,0
Joel Bolomboy,23,12,0.563,0.25,0.5,4.4,1.8,1.4,0.2,0,0,0
Joel Freeland,25,51,0.408,-1,0.667,9.4,2.6,2.3,0.3,0,0,0
Joffrey Lauvergne,23,24,0.404,0.188,0.643,11.2,3.9,3.2,0.5,0,0,0
John Collins,20,74,0.576,0.34,0.715,24.1,10.5,7.3,1.3,0,0,0
John Henson,22,63,0.482,0,0.533,13.1,6,4.7,0.5,0,0,0
John Holland,29,24,0.288,0.306,0.692,7.3,2.3,1,0.2,0,0,0
John Jenkins,21,61,0.446,0.384,0.843,14.8,6.1,1.5,0.9,0,0,0
Johnathan Motley,22,11,0.533,0.167,0.536,16,8.7,4.5,0.6,0,0,0
Johnathan Williams,23,24,0.591,0,0.563,15.5,6.5,4.1,0.5,0,0,0
Johnny O'Bryant,21,34,0.367,-1,0.444,10.8,2.9,1.9,0.5,0,0,0
Jon Brockman,22,52,0.534,-1,0.597,12.6,2.8,4.1,0.4,0,0,0
Jon Leuer,22,46,0.508,0.333,0.75,12.1,4.7,2.6,0.5,0,0,0
Jonah Bolden,23,44,0.494,0.354,0.481,14.5,4.7,3.8,0.9,0,0,0
Jonas Jerebko,22,80,0.481,0.313,0.71,27.9,9.3,6,0.7,0,0,0
Jonas Valančiūnas,20,62,0.557,-1,0.789,23.9,8.9,6,0.7,0,0,0
Jonathan Gibson,29,17,0.368,0.333,0.724,13.6,6.2,1.3,1.5,0,0,0
Jonathan Isaac,20,27,0.379,0.348,0.76,19.9,5.4,3.7,0.7,0,0,0
Jonathon Simmons,26,55,0.504,0.383,0.75,14.8,6,1.7,1.1,0,0,0
Jonny Flynn,20,81,0.417,0.358,0.826,28.9,13.5,2.4,4.4,0,0,0
Jordan Adams,20,30,0.407,0.4,0.609,8.3,3.1,0.9,0.5,0,0,0
Jordan Bell,23,57,0.627,0,0.682,14.2,4.6,3.6,1.8,0,0,0
Jordan Clarkson,22,59,0.448,0.314,0.829,25,11.9,3.2,3.5,0,0,0
Jordan Crawford,22,42,0.384,0.258,0.869,24.5,11.7,2.5,2.8,0,0,0
Jordan Hamilton,21,26,0.432,0.362,0.4,9.9,4.4,2.4,0.8,0,0,0
Jordan Hill,22,47,0.493,0,0.676,13.3,5.2,3.7,0.4,0,0,0
Jordan Loyd,25,12,0.444,0.5,0.818,4.6,2.4,0.8,0.5,0,0,0
Jordan McRae,24,22,0.436,0.455,0.75,8.9,4.5,0.9,1.1,0,0,0
Jordan Mickey,21,16,0.364,-1,0.5,3.6,1.3,0.8,0.1,0,0,0
Jordan Sibert,26,1,1,1,-1,4,3,0,0,0,0,0
Jordan Williams,21,43,0.507,-1,0.652,14.8,4.6,3.6,0.3,0,0,0
Jorge Gutiérrez,25,15,0.463,0.25,0.75,16.3,4.1,1.5,2,0,0,0
Josh Akognon,26,3,0.5,0.5,-1,3,1.7,0.3,0.3,0,0,0
Josh Gray,24,5,0.268,0.231,0.636,17.2,6.4,2,2.4,0,0,0
Josh Harrellson,22,37,0.423,0.339,0.615,14.6,4.4,3.9,0.3,0,0,0
Josh Hart,22,63,0.469,0.396,0.702,23.2,7.9,4.2,1.3,0,0,0
Josh Huestis,24,5,0.417,0.667,0,11,2.8,2,0,0,0,0
Josh Jackson,20,77,0.417,0.263,0.634,25.4,13.1,4.6,1.5,0,0,0
Josh Magette,28,18,0.326,0.364,1,12,2.6,1.1,3.2,0,0,0
Josh Okogie,20,74,0.386,0.279,0.728,23.7,7.7,2.9,1.2,0,0,0
Josh Richardson,22,52,0.452,0.461,0.667,21.3,6.6,2.1,1.4,0,0,0
Josh Selby,20,28,0.347,0.133,0.786,8.5,2.3,0.5,1.1,0,0,0
Jrue Holiday,19,73,0.442,0.39,0.756,24.2,8,2.6,3.8,1,0,0
Juan Hernangómez,21,62,0.451,0.407,0.75,13.6,4.9,3,0.5,0,0,0
Julian Washburn,27,18,0.333,0.208,0.75,14.1,2.2,2.3,0.8,0,0,0
Julius Randle,20,1,0.333,-1,0,14,2,0,0,0,0,0
Julyan Stone,23,22,0.419,0.182,0.727,8.1,1.6,1.1,1.7,0,0,0
Justin Anderson,22,55,0.406,0.265,0.8,11.8,3.8,2.4,0.5,0,0,0
Justin Dentmon,26,6,0.357,0.143,0.667,15.2,4.3,1.3,1.7,0,0,0
Justin Hamilton,23,8,0.45,0.333,1,9,3.3,0.9,0,0,0,0
Justin Harper,22,14,0.29,0.154,0,6,1.4,0.9,0.1,0,0,0
Justin Holiday,23,9,0.333,0.25,0.75,15.8,4.7,1.6,1.7,0,0,0
Justin Jackson,22,68,0.442,0.308,0.722,22.1,6.7,2.8,1.1,0,0,0
Justin Patton,20,1,0.5,-1,-1,4,2,0,0,0,0,0
Justise Winslow,19,78,0.422,0.276,0.684,28.6,6.4,5.2,1.5,0,0,0
Jusuf Nurkić,20,62,0.446,0,0.636,17.8,6.9,6.2,0.8,0,0,0
K.J. McDaniels,21,62,0.396,0.287,0.752,21.8,7.9,3.2,1.2,0,0,0
Kadeem Allen,25,18,0.273,0,0.778,5.9,1.1,0.6,0.7,0,0,0
Kalin Lucas,25,1,0,-1,-1,6,0,0,0,0,0,0
Kay Felder,21,42,0.392,0.318,0.714,9.2,4,1,1.4,0,0,0
Keita Bates-Diop,23,30,0.423,0.25,0.643,16.8,5,2.8,0.6,0,0,0
Keith Appling,23,5,0.25,0,1,5.4,1.2,0.2,0.2,0,0,0
Keith Benson,23,3,0,-1,-1,3,0,1,0,0,0,0
Kelly Olynyk,22,70,0.466,0.351,0.811,20,8.7,5.2,1.6,0,0,0
Kelly Oubre,20,63,0.427,0.316,0.633,10.7,3.7,2.1,0.2,0,0,0
Kendall Marshall,21,48,0.371,0.315,0.571,14.6,3,0.9,3,0,0,0
Kenneth Faried,22,46,0.586,-1,0.665,22.5,10.2,7.7,0.8,0,0,0
Kenrich Williams,24,46,0.384,0.333,0.684,23.5,6.1,4.8,1.8,0,0,0
Kent Bazemore,23,61,0.371,0.294,0.614,4.4,2,0.4,0.4,0,0,0
Kentavious Caldwell-Pope,20,80,0.396,0.319,0.77,19.8,5.9,2,0.7,0,0,0
Kevin Huerter,20,75,0.419,0.385,0.732,27.3,9.7,3.3,2.9,0,0,0
Kevin Jones,23,32,0.402,-1,0.6,10.4,3,2.4,0.3,0,0,0
Kevin Knox,19,75,0.37,0.343,0.717,28.8,12.8,4.5,1.1,0,0,0
Kevin Murphy,22,17,0.25,0.2,-1,3.1,0.9,0.2,0.1,0,0,0
Kevin Séraphin,21,58,0.449,-1,0.71,10.9,2.7,2.6,0.2,0,0,0
Kevon Looney,19,5,0.571,0.5,-1,4.2,1.8,2,0,0,0,0
Khem Birch,25,42,0.54,-1,0.689,13.8,4.2,4.3,0.8,0,0,0
Khris Middleton,21,27,0.44,0.311,0.844,17.6,6.1,1.9,1,1,0,0
Khyri Thomas,22,26,0.319,0.286,0.636,7.5,2.3,0.8,0.3,0,0,0
Kim English,24,41,0.375,0.28,0.724,9.9,2.9,0.9,0.6,0,0,0
Kobi Simmons,20,32,0.423,0.282,1,20.1,6.1,1.6,2.1,0,0,0
Kostas Antetokounmpo,21,2,0,-1,0.5,5.5,1,0.5,0,0,0,0
Kostas Papanikolaou,24,43,0.35,0.292,0.722,18.5,4.2,2.7,2,0,0,0
Kris Dunn,22,78,0.377,0.288,0.61,17.1,3.8,2.1,2.4,0,0,0
Kris Joseph,24,10,0.143,0,0.625,5.4,0.9,0.7,0.1,0,0,0
Kristaps Porziņģis,20,72,0.421,0.333,0.838,28.4,14.3,7.3,1.3,0,0,0
Kyle Anderson,21,33,0.348,0.273,0.643,10.8,2.2,2.2,0.8,0,0,0
Kyle Collinsworth,26,32,0.384,0.235,0.525,15,3.2,3.3,1.8,0,0,0
Kyle Kuzma,22,77,0.45,0.366,0.707,31.2,16.1,6.3,1.8,0,0,0
Kyle O'Quinn,22,57,0.513,0,0.667,11.2,4.1,3.7,0.9,0,0,0
Kyle Singler,24,82,0.428,0.35,0.806,28,8.8,4,0.9,0,0,0
Kyle Wiltjer,24,14,0.286,0.308,0.5,3.1,0.9,0.7,0.1,0,0,0
Lamar Patterson,24,35,0.35,0.245,0.727,11.3,2.4,1.4,1.1,0,0,0
Lance Stephenson,20,12,0.333,0,0.786,9.6,3.1,1.5,1.8,0,0,0
Lance Thomas,23,42,0.452,0,0.839,15,4,3,0.3,0,0,0
Landry Fields,22,82,0.497,0.393,0.769,31,9.7,6.4,1.9,0,0,0
Landry Shamet,21,79,0.431,0.422,0.806,22.8,9.1,1.7,1.5,0,0,0
Langston Galloway,23,45,0.399,0.352,0.808,32.4,11.8,4.2,3.3,0,0,0
Larry Drew,24,12,0.345,0.154,0.667,18.3,3.8,1.3,3.8,0,0,0
Larry Nance,23,63,0.527,0.1,0.681,20.1,5.5,5,0.7,0,0,0
Larry Owens,28,12,0.469,0.462,0.444,11.9,3.3,1.3,0.7,0,0,0
Larry Sanders,22,60,0.433,-1,0.56,14.5,4.3,3,0.3,0,0,0
Lauri Markkanen,20,68,0.434,0.362,0.843,29.7,15.2,7.5,1.2,0,0,0
Lavoy Allen,22,41,0.473,-1,0.786,15.2,4.1,4.2,0.8,0,0,0
Lazar Hayward,24,42,0.357,0.283,0.786,10,3.8,1.7,0.7,0,0,0
Lester Hudson,25,25,0.396,0.313,0.846,5.2,2.3,0.7,0.5,0,0,0
London Perrantes,23,14,0.154,0,0.6,4.7,0.5,0.3,0.4,0,0,0
Lonnie Walker,20,17,0.348,0.385,0.8,6.9,2.6,1,0.5,0,0,0
Lonzo Ball,20,52,0.36,0.305,0.451,34.2,10.2,6.9,7.2,0,0,0
Lorenzo Brown,23,26,0.302,0.1,0.692,8.6,2.5,1.1,1.6,0,0,0
Lucas Nogueira,22,6,0.25,-1,0.5,3.8,1,1.8,0.2,0,0,0
Luigi Datome,26,34,0.351,0.179,0.8,7,2.4,1.4,0.3,0,0,0
Luis Montero,22,12,0.263,0.111,0.75,3.5,1.2,0.3,0.1,0,0,0
Luke Babbitt,21,24,0.273,0.188,0.333,5.7,1.5,1.3,0.3,0,0,0
Luke Harangody,23,49,0.383,0.242,0.731,13.1,3.9,2.9,0.6,0,0,0
Luke Kennard,21,73,0.443,0.415,0.855,20,7.6,2.4,1.7,0,0,0
Luke Kornet,22,20,0.392,0.354,0.727,16.3,6.7,3.2,1.3,0,0,0
Luke Zeller,25,16,0.346,0.2,-1,3.6,1.2,0.6,0.2,0,0,0
Maalik Wayns,21,27,0.295,0.226,0.895,7.5,2.8,0.3,1,0,0,0
Malachi Richardson,21,22,0.412,0.286,0.789,9,3.6,1,0.5,0,0,0
Malcolm Brogdon,24,75,0.457,0.404,0.865,26.4,10.2,2.8,4.2,0,0,0
Malcolm Delaney,27,73,0.374,0.236,0.806,17.1,5.4,1.7,2.6,0,0,0
Malcolm Lee,21,19,0.39,0.2,0.824,12.8,3.3,1.4,1.6,0,0,0
Malcolm Miller,24,15,0.464,0.381,1,8.4,2.5,1,0.2,0,0,0
Malcolm Thomas,23,3,0,-1,0.5,5,0.3,1,0.3,0,0,0
Malik Beasley,20,22,0.452,0.321,0.8,7.5,3.8,0.8,0.5,0,0,0
Malik Monk,19,63,0.36,0.342,0.842,13.6,6.7,1,1.4,0,0,0
Mangok Mathiang,25,4,0.571,-1,0,5,2,2.5,0,0,0,0
Manny Harris,21,54,0.374,0.37,0.763,17.3,5.9,2.6,1.6,0,0,0
Marcelo Huertas,32,53,0.422,0.262,0.931,16.4,4.5,1.7,3.4,0,0,0
Marcus Cousin,24,4,0.667,-1,-1,4.5,1,0.8,0,0,0,0
Marcus Derrickson,22,11,0.485,0.5,0.8,6.1,4.2,1.2,0.1,0,0,0
Marcus Georges-Hunt,22,5,0.286,0.5,0.9,9.6,2.8,1.8,0.6,0,0,0
Marcus Landry,24,18,0.372,0.321,0.6,6.2,2.4,1.1,0,0,0,0
Marcus Morris,22,17,0.296,0.118,0.75,7.4,2.4,0.9,0.2,0,0,0
Marcus Paige,24,5,0.286,0.25,1,5.6,2.4,0.8,0.6,0,0,0
Marcus Smart,20,67,0.367,0.335,0.646,27,7.8,3.3,3.1,0,0,0
Marcus Thornton,22,73,0.451,0.374,0.814,25.6,14.5,2.9,1.6,0,0,0
Mario Hezonja,20,79,0.433,0.349,0.907,17.9,6.1,2.2,1.4,0,0,0
Markel Brown,23,47,0.362,0.266,0.825,16.6,4.6,2.3,0.8,0,0,0
Markelle Fultz,19,14,0.405,0,0.476,18.1,7.1,3.1,3.8,0,0,0
Markieff Morris,22,63,0.399,0.347,0.717,19.5,7.4,4.4,1,0,0,0
Marquese Chriss,19,82,0.449,0.321,0.624,21.3,9.2,4.2,0.7,0,0,0
Marquis Teague,19,48,0.381,0.174,0.563,8.2,2.1,0.9,1.3,0,0,0
Marshall Plumlee,24,21,0.533,-1,0.421,8.1,1.9,2.4,0.5,0,0,0
MarShon Brooks,23,56,0.428,0.313,0.764,29.4,12.6,3.6,2.3,0,0,0
Marvin Bagley,19,62,0.504,0.313,0.691,25.3,14.9,7.6,1,0,0,0
Mason Plumlee,23,70,0.659,0,0.626,18.2,7.4,4.4,0.9,0,0,0
Matt Costello,24,4,0.5,-1,-1,8,1,2.3,0.5,0,0,0
Matt Williams,24,3,0.333,0.2,-1,3.7,1.7,0.3,0,0,0,0
Matthew Dellavedova,23,72,0.412,0.368,0.792,17.7,4.7,1.7,2.6,0,0,0
Maurice Harkless,19,76,0.461,0.274,0.57,26,8.2,4.4,0.7,0,0,0
Maurice Ndour,24,32,0.453,0.143,0.731,10.3,3.1,2,0.3,0,0,0
Maxi Kleber,26,72,0.489,0.313,0.746,16.8,5.4,3.3,0.7,0,0,0
Melvin Frazier,22,10,0.333,0,0.25,4.4,1.5,0.5,0.1,0,0,0
Meyers Leonard,20,69,0.545,0.429,0.809,17.5,5.5,3.7,0.5,0,0,0
Michael Carter-Williams,22,70,0.405,0.264,0.703,34.5,16.7,6.2,6.3,0,0,0
Michael Gbinije,24,9,0.1,0,1,3.6,0.4,0.3,0.2,0,0,0
Michael Kidd-Gilchrist,19,78,0.458,0.222,0.749,26,9,5.8,1.5,0,0,0
Mickell Gladness,25,26,0.424,-1,0.5,9.7,2.2,2.2,0.2,0,0,0
Mikal Bridges,22,82,0.43,0.335,0.805,29.5,8.3,3.2,2.1,0,0,0
Mike James,27,36,0.383,0.265,0.762,19.1,9.3,2.5,3.5,0,0,0
Mike Muscala,22,20,0.425,0,1,10.8,3.8,2.6,0.4,0,0,0
Mike Scott,24,40,0.476,0,0.768,9.4,4.6,2.8,0.3,0,0,0
Mike Tobey,22,2,0.25,-1,-1,12.5,1,1.5,0.5,0,0,0
Miles Bridges,20,80,0.464,0.325,0.753,21.2,7.5,4,1.2,0,0,0
Miles Plumlee,24,14,0.238,-1,0.75,3.9,0.9,1.6,0.1,0,0,0
Miloš Teodosić,30,45,0.419,0.379,0.848,25.2,9.5,2.8,4.6,0,0,0
Milton Doyle,24,10,0.277,0.174,0.5,12.5,3.4,1.8,1,0,0,0
Mindaugas Kuzminskas,27,68,0.428,0.321,0.809,14.9,6.3,1.9,1,0,0,0
Miroslav Raduljica,26,48,0.54,-1,0.818,9.7,3.8,2.3,0.5,0,0,0
Mirza Teletović,27,53,0.384,0.343,0.818,9.4,3.5,1.8,0.4,0,0,0
Mitch Creek,26,5,0.5,0,0.714,9.6,4.2,2.4,1.2,0,0,0
Mitch McGary,22,32,0.533,0,0.625,15.2,6.3,5.2,0.4,0,0,0
Mitchell Robinson,20,66,0.694,-1,0.6,20.6,7.3,6.4,0.6,0,0,0
Mohamed Bamba,20,47,0.481,0.3,0.587,16.3,6.2,5,0.8,0,0,0
Monte Morris,22,3,0.667,0,1,8.3,3.3,0.7,2.3,0,0,0
Montrezl Harrell,22,39,0.644,0,0.522,9.7,3.6,1.7,0.4,0,0,0
Moritz Wagner,21,43,0.415,0.286,0.811,10.4,4.8,2,0.6,0,0,0
Mustafa Shakur,26,22,0.356,0.1,0.533,7.2,2.3,1,1.1,0,0,0
Mychel Thompson,23,5,0.292,0.364,-1,19,3.6,1,1.4,0,0,0
Myke Henry,25,20,0.376,0.328,0.6,18.9,5.4,1.9,1.1,0,0,0
Myles Turner,19,60,0.498,0.214,0.727,22.8,10.3,5.5,0.7,0,0,0
Nando De Colo,25,72,0.436,0.378,0.795,12.8,3.8,1.9,1.9,0,0,0
Nate Wolters,22,58,0.437,0.29,0.656,22.6,7.2,2.6,3.2,0,0,0
Naz Mitrou-Long,24,1,1,1,-1,1,3,0,0,0,0,0
Nemanja Bjelica,27,60,0.468,0.384,0.727,17.9,5.1,3.5,1.4,0,0,0
Nemanja Nedović,22,24,0.205,0.167,0.875,5.9,1.1,0.6,0.5,0,0,0
Nerlens Noel,20,75,0.462,-1,0.609,30.8,9.9,8.1,1.7,0,0,0
Nick Calathes,24,71,0.457,0.311,0.611,16.5,4.9,1.9,2.9,0,0,0
Nick Johnson,22,28,0.347,0.238,0.68,9.4,2.6,1.4,0.4,0,0,0
Nicolás Brussino,23,54,0.369,0.305,0.773,9.6,2.8,1.8,0.9,0,0,0
Nicolás Laprovíttola,27,18,0.426,0.37,1,9.7,3.3,0.6,1.6,0,0,0
Nigel Hayes,23,9,0.333,0.25,0.333,13.6,3,2.4,0.7,0,0,0
Nik Stauskas,21,73,0.365,0.322,0.859,15.4,4.4,1.2,0.9,0,0,0
Nikola Mirotić,23,82,0.405,0.316,0.803,20.2,10.2,4.9,1.2,0,0,0
Nikola Peković,25,65,0.517,-1,0.763,13.6,5.5,3,0.4,0,0,0
Nikola Vučević,21,51,0.45,0.375,0.529,15.9,5.5,4.8,0.6,1,0,0
Noah Vonleh,19,25,0.395,0.385,0.692,10.4,3.3,3.4,0.2,0,0,0
Nolan Smith,23,44,0.372,0.289,0.714,12.3,3.8,1.3,1.4,0,0,0
Norman Powell,22,49,0.424,0.404,0.811,14.8,5.6,2.3,1,0,0,0
Norris Cole,23,65,0.393,0.276,0.776,19.4,6.8,1.4,2,0,0,0
OG Anunoby,20,74,0.471,0.371,0.629,20,5.9,2.5,0.7,0,0,0
Ognjen Kuzmić,23,21,0.385,-1,0.455,4.4,0.7,1,0.1,0,0,0
Okaro White,24,35,0.379,0.353,0.909,13.5,2.8,2.3,0.6,0,0,0
Oliver Lafayette,25,1,0.5,0.5,-1,22,7,4,2,0,0,0
Omari Johnson,28,4,0.429,0.333,-1,18.8,5.5,2.8,1.8,0,0,0
Omari Spellman,21,46,0.402,0.344,0.711,17.5,5.9,4.2,1,0,0,0
Ömer Aşık,24,82,0.553,-1,0.503,12.1,2.8,3.7,0.4,0,0,0
Omri Casspi,21,77,0.446,0.369,0.672,25.1,10.3,4.5,1.2,0,0,0
Orlando Johnson,23,51,0.4,0.383,0.719,12.1,4,2.2,0.9,0,0,0
Othyus Jeffers,24,14,0.414,-1,0.684,5.2,2.6,1.4,0.1,0,0,0
Otto Porter,20,37,0.363,0.19,0.667,8.6,2.1,1.5,0.3,0,0,0
P.J. Hairston,22,45,0.323,0.301,0.861,15.3,5.6,2,0.5,0,0,0
Pablo Prigioni,35,78,0.455,0.396,0.88,16.2,3.5,1.8,3,0,0,0
Pape Sy,22,3,0.333,0,1,7,2.3,1,0.7,0,0,0
Pat Connaughton,23,34,0.265,0.238,1,4.2,1.1,0.9,0.3,0,0,0
Patricio Garino,23,5,0,0,-1,8.6,0,1.4,0,0,0,0
Patrick Beverley,24,41,0.418,0.375,0.829,17.4,5.6,2.7,2.9,0,0,0
Patrick Christopher,26,4,0.25,0,-1,7.3,1.5,1.5,0,0,0,0
Patrick Ewing,26,7,0,0,0.75,2.7,0.4,0.3,0.3,0,0,0
Patrick McCaw,21,71,0.433,0.333,0.784,15.1,4,1.4,1.1,0,0,0
Patrick Patterson,21,52,0.558,0,0.714,16.7,6.3,3.8,0.8,0,0,0
Patty Mills,21,10,0.417,0.5,0.571,3.8,2.6,0.2,0.5,0,0,0
Paul Zipser,22,44,0.398,0.333,0.775,19.2,5.5,2.8,0.8,0,0,0
Pero Antić,31,50,0.418,0.327,0.758,18.5,7,4.2,1.2,0,0,0
Perry Jones,21,38,0.394,0,0.667,7.4,2.3,1.6,0.3,0,0,0
Peyton Siva,23,24,0.316,0.28,0.733,9.3,2.3,0.6,1.4,0,0,0
Phil Pressey,22,75,0.308,0.264,0.644,15.1,2.8,1.4,3.2,0,0,0
Pierre Jackson,25,8,0.333,0.273,0.857,10.5,4.4,1.1,2.4,0,0,0
PJ Dozier,21,2,0.5,-1,-1,1.5,1,0.5,0,0,0,0
Quincy Acy,22,29,0.56,0.5,0.816,11.8,4,2.7,0.4,0,0,0
Quincy Miller,20,7,0.333,0,0.5,3.7,1.3,0.3,0.4,0,0,0
Quincy Pondexter,22,66,0.406,0.36,0.706,11.1,2.8,1.3,0.4,0,0,0
Quinn Cook,23,14,0.5,0.423,0.4,13.4,5.6,0.5,1.9,0,0,0
R.J. Hunter,22,36,0.367,0.302,0.857,8.8,2.7,1,0.4,0,0,0
Rakeem Christmas,24,1,1,-1,-1,6,4,1,0,0,0,0
Rashad Vaughn,19,70,0.305,0.293,0.8,14.3,3.1,1.3,0.6,0,0,0
Raul Neto,23,81,0.431,0.395,0.743,18.5,5.9,1.5,2.1,0,0,0
Rawle Alkins,21,10,0.333,0.25,0.667,12,3.7,2.6,1.3,0,0,0
Ray McCallum,22,45,0.377,0.373,0.744,19.9,6.2,1.8,2.7,0,0,0
Ray Spalding,21,14,0.532,0,0.333,10.6,3.9,3.4,0.4,0,0,0
Reggie Bullock,22,43,0.355,0.301,0.778,9.2,2.7,1.3,0.3,0,0,0
Reggie Hearn,26,3,0.5,0.5,-1,2.3,1,0,0,0,0,0
Reggie Jackson,21,45,0.321,0.21,0.862,11.1,3.1,1.2,1.6,0,0,0
Reggie Williams,23,24,0.495,0.359,0.839,32.6,15.2,4.6,2.8,0,0,0
Richaun Holmes,22,51,0.514,0.182,0.689,13.8,5.6,2.6,0.6,0,0,0
Ricky Ledo,21,11,0.353,0.375,1,3,1.7,0.2,0.2,0,0,0
Ricky Rubio,21,41,0.357,0.34,0.803,34.2,10.6,4.2,8.2,0,0,0
Robbie Hummel,24,53,0.379,0.36,0.938,12.4,3.4,2.5,0.4,0,0,0
Robert Covington,23,7,0.429,0.364,-1,4.9,2.3,0.7,0,0,0,0
Robert Sacre,23,32,0.375,-1,0.636,6.3,1.3,1.1,0.2,0,0,0
Robert Williams,21,32,0.706,-1,0.6,8.8,2.5,2.5,0.2,0,0,0
Rodions Kurucs,20,63,0.45,0.315,0.783,20.5,8.5,3.9,0.8,0,0,0
Rodney Hood,22,50,0.414,0.365,0.763,21.3,8.7,2.3,1.7,0,0,0
Rodney McGruder,25,78,0.413,0.332,0.62,25.2,6.4,3.3,1.6,0,0,0
Rodney Purvis,23,16,0.327,0.25,0.867,18.1,6,1.7,1.1,0,0,0
Rodrigue Beaubois,21,56,0.518,0.409,0.808,12.5,7.1,1.4,1.3,0,0,0
Ron Baker,23,52,0.378,0.267,0.651,16.5,4.1,1.9,2.1,0,0,0
Rondae Hollis-Jefferson,21,29,0.457,0.286,0.712,21.2,5.8,5.3,1.5,0,0,0
Royce O'Neale,24,69,0.423,0.356,0.803,16.7,5,3.4,1.4,0,0,0
Royce White,22,3,0,-1,-1,3,0,0,0,0,0,0
Russ Smith,23,12,0.32,0.182,0.923,5.4,2.5,0.5,0.7,0,0,0
Ryan Arcidiacono,23,24,0.415,0.29,0.833,12.7,2,1,1.5,0,0,0
Ryan Broekhoff,28,42,0.452,0.409,0.789,10.8,4,1.5,0.5,0,0,0
Ryan Kelly,22,59,0.423,0.338,0.815,22.2,8,3.7,1.6,0,0,0
Ryan Reid,25,5,0.8,-1,-1,3.4,1.6,0.4,0,0,0,0
Salah Mejri,29,34,0.628,0,0.587,11.7,3.7,3.6,0.3,0,0,0
Sam Dekker,21,3,-1,-1,-1,2,0,0.3,0,0,0,0
Sam Young,24,80,0.451,0.196,0.777,16.5,7.4,2.5,0.7,0,0,0
Samardo Samuels,22,37,0.456,0,0.618,18.9,7.8,4.3,0.5,0,0,0
Sasha Kaun,30,25,0.529,-1,0.455,3.8,0.9,1,0.1,0,0,0
Scott Machado,22,6,0.5,0,1,3.5,1.3,0.2,1,0,0,0
Scotty Hopson,24,2,0,0,0.5,3.5,0.5,0,0.5,0,0,0
Sean Kilpatrick,25,4,0.35,0.308,1,18,5.5,1.5,1,0,0,0
Semaj Christon,24,64,0.345,0.19,0.548,15.2,2.9,1.4,2,0,0,0
Semi Ojeleye,23,73,0.346,0.32,0.61,15.8,2.7,2.2,0.3,0,0,0
Semih Erden,24,41,0.559,-1,0.65,14.5,4,2.9,0.5,0,0,0
Serge Ibaka,20,73,0.543,0.5,0.63,18.1,6.3,5.4,0.1,0,0,0
Sergey Karasev,20,22,0.343,0.211,0.9,7.1,1.7,0.7,0.3,0,0,0
Seth Curry,23,2,0.333,1,-1,6.5,1.5,0.5,0,0,0,0
Shabazz Muhammad,21,37,0.46,0.273,0.65,7.8,3.9,1.4,0.2,0,0,0
Shabazz Napier,23,51,0.382,0.364,0.786,19.8,5.1,2.2,2.5,0,0,0
Shai Gilgeous-Alexander,20,82,0.476,0.367,0.8,26.5,10.8,2.8,3.3,0,0,0
Shake Milton,22,20,0.391,0.318,0.714,13.4,4.4,1.8,0.9,0,0,0
Shane Edwards,26,2,0.333,-1,-1,6,1,1,0,0,0,0
Shane Larkin,21,48,0.38,0.316,0.64,10.2,2.8,0.9,1.5,0,0,0
Shaquille Harrison,24,23,0.476,0.231,0.737,16.7,6.6,2.7,2.4,0,0,0
Shawn Long,24,18,0.56,0.368,0.543,13,8.2,4.7,0.7,0,0,0
Shayne Whittington,23,20,0.452,0.167,0.783,5.4,2.9,1.5,0.3,0,0,0
Sheldon Mac,24,30,0.4,0.233,0.852,9.6,3,1.1,0.5,0,0,0
Shelvin Mack,21,64,0.4,0.286,0.712,12.2,3.6,1.4,2,0,0,0
Sherron Collins,23,20,0.28,0.2,1,3.3,0.9,0.3,0.4,0,0,0
Sim Bhullar,22,3,0.5,-1,-1,1,0.7,0.3,0.3,0,0,0
Sindarius Thornwell,23,73,0.429,0.377,0.67,15.8,3.9,1.9,0.9,0,0,0
Skal Labissière,20,33,0.537,0.375,0.703,18.5,8.8,4.9,0.8,0,0,0
Solomon Alabi,22,12,0.2,-1,0,4.9,0.5,1.2,0.2,0,0,0
Solomon Hill,22,28,0.425,0.304,0.857,8.1,1.7,1.5,0.4,0,0,0
Spencer Dinwiddie,21,34,0.302,0.185,0.912,13.4,4.3,1.4,3.1,0,0,0
Stanley Johnson,19,73,0.375,0.307,0.784,23.1,8.1,4.2,1.6,0,0,0
Stephen Zimmerman,20,19,0.323,-1,0.6,5.7,1.2,1.8,0.2,0,0,0
Sterling Brown,22,54,0.4,0.352,0.875,14.4,4,2.6,0.5,0,0,0
Steven Adams,20,81,0.503,-1,0.581,14.8,3.3,4.1,0.5,0,0,0
Sundiata Gaines,23,32,0.463,0.269,0.5,6.8,3.3,0.9,1.2,0,0,0
Sviatoslav Mykhailiuk,21,42,0.329,0.326,0.6,10.5,3.2,0.9,0.9,0,0,0
T.J. Leaf,20,53,0.471,0.429,0.625,8.7,2.9,1.5,0.2,0,0,0
T.J. McConnell,23,81,0.47,0.348,0.634,19.8,6.1,3.1,4.5,0,0,0
T.J. Warren,21,40,0.528,0.238,0.737,15.4,6.1,2.1,0.6,0,0,0
Tahjere McCall,24,1,0.667,0,0,8,4,1,0,0,0,0
Taj Gibson,24,82,0.494,-1,0.646,26.9,9,7.5,0.9,0,0,0
Tarik Black,23,63,0.575,0,0.551,19,6,5.8,0.7,0,0,0
Taurean Waller-Prince,22,59,0.4,0.324,0.787,16.6,5.7,2.7,0.9,0,0,0
Taylor Griffin,23,8,0.4,0,0.5,4,1.3,0.3,0.1,0,0,0
Terrance Ferguson,19,61,0.414,0.333,0.9,12.5,3.1,0.8,0.3,0,0,0
Terrel Harris,24,22,0.349,0.205,0.667,14.5,3.6,2.3,1.2,0,0,0
Terrence Jones,21,19,0.457,0.263,0.765,14.5,5.5,3.4,0.8,0,0,0
Terrence Ross,21,73,0.407,0.332,0.714,17,6.4,2,0.7,0,0,0
Terrence Williams,22,78,0.401,0.31,0.715,22.6,8.4,4.5,2.9,0,0,0
Terry Rozier,21,39,0.274,0.222,0.8,8,1.8,1.6,0.9,0,0,0
Thanasis Antetokounmpo,23,2,0.75,0,-1,3,3,0.5,0,0,0,0
Theo Pinson,23,18,0.342,0.261,0.864,11.7,4.5,2,1.2,0,0,0
Thomas Bryant,20,15,0.381,0.1,0.556,4.8,1.5,1.1,0.4,0,0,0
Thomas Robinson,21,70,0.43,0,0.523,15.1,4.8,4.5,0.7,0,0,0
Thomas Welsh,22,11,0.538,0.429,0.5,3.3,1.6,0.4,0.5,0,0,0
Thon Maker,19,57,0.459,0.378,0.653,9.9,4,2,0.4,0,0,0
Tiago Splitter,26,60,0.529,0,0.543,12.3,4.6,3.4,0.4,0,0,0
Tibor Pleiß,26,12,0.44,0,1,6.8,2,1.3,0.2,0,0,0
Tim Frazier,24,11,0.344,0.294,0.476,21.7,5.2,2.5,5.5,0,0,0
Tim Hardaway,21,81,0.428,0.363,0.828,23.1,10.2,1.5,0.8,0,0,0
Tim Ohlbrecht,24,3,0.333,-1,1,4,1,0.3,0.3,0,0,0
Tim Quarterman,22,16,0.448,0.385,0,5,1.9,0.9,0.7,0,0,0
Timofey Mozgov,24,45,0.474,-1,0.712,11.6,3.6,2.7,0.3,0,0,0
Timothé Luwawu-Cabarrot,21,69,0.402,0.311,0.854,17.2,6.4,2.2,1.1,0,0,0
Tobias Harris,19,42,0.467,0.261,0.815,11.4,5,2.4,0.5,0,0,0
Tomáš Satoranský,25,57,0.415,0.243,0.697,12.6,2.7,1.5,1.6,0,0,0
Toney Douglas,23,56,0.458,0.389,0.809,19.4,8.6,1.9,2,0,0,0
Tony Bradley,20,9,0.273,0,1,3.2,0.9,1.2,0.1,0,0,0
Tony Mitchell,24,3,0.6,0,-1,3.3,2,0.3,0.3,0,0,0
Tony Mitchell,21,21,0.417,1,0.579,3.8,1,1.2,0.1,0,0,0
Tony Snell,22,77,0.384,0.32,0.756,16,4.5,1.6,0.9,0,0,0
Tony Wroten,19,35,0.384,0.25,0.724,7.8,2.6,0.8,1.2,0,0,0
Tornike Shengelia,21,19,0.435,0.5,0.563,4.9,1.6,1.2,0.2,0,0,0
Torrey Craig,27,39,0.453,0.293,0.629,16.1,4.2,3.3,0.6,0,0,0
Toure' Murry,24,51,0.434,0.417,0.59,7.3,2.7,0.9,1,0,0,0
Trae Young,20,81,0.418,0.324,0.829,30.9,19.1,3.7,8.1,1,0,0
Travis Leslie,21,10,0.357,-1,0.444,4.5,1.4,0.9,0.5,0,0,0
Travis Wear,24,51,0.402,0.367,0.769,13.2,3.9,2.1,0.8,0,0,0
Treveon Graham,23,27,0.475,0.6,0.667,7,2.1,0.8,0.2,0,0,0
Trevon Duval,20,3,0.667,1,-1,2,1.7,0.3,0.7,0,0,0
Trevor Booker,23,65,0.549,0,0.673,16.4,5.3,3.9,0.5,0,0,0
Trey Burke,21,70,0.38,0.33,0.903,32.3,12.8,3,5.7,0,0,0
Trey Gilder,25,2,1,-1,-1,2.5,1,0.5,0,0,0,0
Trey Lyles,20,80,0.438,0.383,0.695,17.3,6.1,3.7,0.7,0,0,0
Trey McKinney-Jones,27,1,-1,-1,-1,1,0,0,0,0,0,0
Trey Thompkins,21,24,0.393,0.308,0.714,5,2.4,1,0.1,0,0,0
Tristan Thompson,20,60,0.439,0,0.552,23.7,8.2,6.5,0.5,0,0,0
Troy Brown,19,52,0.415,0.319,0.681,14,4.8,2.8,1.5,0,0,0
Troy Caupain,23,4,0.5,0.667,-1,4,2.5,0.8,1,0,0,0
Troy Daniels,22,5,0.484,0.48,-1,15,8.4,0.8,1,0,0,0
Troy Williams,22,30,0.437,0.29,0.656,18.6,6.2,2.3,0.8,0,0,0
Ty Lawson,22,65,0.515,0.41,0.757,20.3,8.3,1.9,3.1,0,0,0
Tyler Cavanaugh,23,39,0.441,0.36,0.81,13.3,4.7,3.3,0.7,0,0,0
Tyler Davis,21,1,0,-1,-1,1,0,1,0,0,0,0
Tyler Dorsey,21,56,0.377,0.362,0.714,17.4,7.2,2.3,1.4,0,0,0
Tyler Ennis,20,33,0.361,0.279,0.714,12.5,3.7,1.1,2.2,0,0,0
Tyler Hansbrough,24,29,0.36,0,0.743,17.6,8.5,4.8,1,0,0,0
Tyler Honeycutt,21,15,0.333,0.333,0.6,5.9,1.3,0.9,0.5,0,0,0
Tyler Johnson,22,32,0.419,0.375,0.681,18.8,5.9,2.5,1.3,0,0,0
Tyler Lydon,21,1,-1,-1,-1,2,0,0,0,0,0,0
Tyler Ulis,21,61,0.421,0.266,0.775,18.4,7.3,1.6,3.7,0,0,0
Tyler Zeller,23,77,0.438,0,0.764,26.4,7.9,5.7,1.2,0,0,0
Tyreke Evans,20,72,0.458,0.255,0.748,37.2,20.1,5.3,5.8,0,0,0
Tyrone Wallace,23,30,0.445,0.25,0.782,28.4,9.7,3.5,2.4,0,0,0
Tyshawn Taylor,22,38,0.368,0.462,0.556,5.8,2.2,0.5,0.6,0,0,0
Tyus Jones,19,37,0.359,0.302,0.718,15.5,4.2,1.3,2.9,0,0,0
Vander Blue,21,3,0.5,0,0.2,5,1.7,1,0.3,0,0,0
Vernon Macklin,25,23,0.543,-1,0.571,5.9,2,1.5,0.2,0,0,0
Viacheslav Kravtsov,25,25,0.717,-1,0.297,9,3.1,1.8,0.4,0,0,0
Victor Claver,24,49,0.392,0.287,0.467,16.6,3.8,2.4,0.9,0,0,0
Vince Edwards,22,2,0.25,0.25,-1,8,1.5,1,0,0,0,0
Vince Hunter,23,4,0.6,-1,-1,1.8,1.5,0.8,0,0,0,0
Vítor Faverani,25,37,0.435,0.3,0.649,13.2,4.4,3.5,0.4,0,0,0
Wade Baldwin,20,33,0.313,0.136,0.838,12.3,3.2,1.4,1.8,0,0,0
Walker Russell,29,28,0.347,0.308,0.636,12.8,3,0.9,2.1,0,0,0
Walt Lemon,25,5,0.438,1,0.667,7,3.4,0.4,1,0,0,0
Wayne Ellington,22,76,0.424,0.395,0.871,18.2,6.6,2.1,1,0,0,0
Wayne Selden,22,14,0.431,0.25,0.636,16.9,5.1,1.1,0.9,0,0,0
Wendell Carter,19,44,0.485,0.188,0.795,25.2,10.3,7,1.8,0,0,0
Wesley Iwundu,23,62,0.427,0.196,0.723,16.5,3.7,2.2,0.9,0,0,0
Wesley Johnson,23,79,0.397,0.356,0.696,26.2,9,3,1.9,0,0,0
Wesley Matthews,23,82,0.483,0.382,0.829,24.7,9.4,2.3,1.5,0,0,0
Will Barton,22,73,0.382,0.138,0.769,12.2,4,2,0.8,0,0,0
Will Cherry,23,8,0.263,0.222,0.5,8.6,1.9,0.6,1,0,0,0
Willie Cauley-Stein,22,66,0.563,0,0.648,21.4,7,5.3,0.6,0,0,0
Willie Reed,25,39,0.571,-1,0.545,10.9,4.7,3.1,0.3,0,0,0
Willie Warren,21,19,0.371,0.333,0.75,7.1,1.9,0.6,1.4,0,0,0
Willy Hernangómez,22,72,0.529,0.267,0.728,18.4,8.2,7,1.3,0,0,0
Xavier Henry,19,38,0.406,0.118,0.635,13.9,4.3,1,0.5,0,0,0
Xavier Munford,23,14,0.416,0.391,0.5,17.4,5.7,2.2,1.6,0,0,0
Xavier Rathan-Mayes,23,5,0.286,0.071,0.444,23.6,5.8,1,3.6,0,0,0
Xavier Silas,24,2,0.267,0.167,0.667,19.5,5.5,2,1.5,0,0,0
Yante Maten,22,2,0.25,0,-1,6.5,1,1.5,0,0,0,0
Yogi Ferrell,23,46,0.406,0.386,0.831,26,10,2.4,3.7,0,0,0
Yuta Watanabe,24,15,0.294,0.125,0.7,11.6,2.6,2.1,0.5,0,0,0
Zabian Dowdell,26,24,0.408,0.3,0.941,12.2,5,0.8,2.1,0,0,0
Zach Collins,20,66,0.398,0.31,0.643,15.8,4.4,3.3,0.8,0,0,0
Zach LaVine,19,77,0.422,0.341,0.842,24.7,10.1,2.8,3.6,0,0,0
Zach Lofton,26,1,0,0,-1,4,0,0,0,0,0,0
Zhaire Smith,19,6,0.412,0.375,0.75,18.5,6.7,2.2,1.7,0,0,0
Zhou Qi,22,18,0.188,0.105,0.667,6.9,1.2,1.2,0.1,0,0,0
Zoran Dragić,25,16,0.367,0.214,0.6,4.7,1.8,0.5,0.3,0,0,0